{
  "properties": {
    "connectionReferences": {
      "shared_commondataserviceforapps": {
        "runtimeSource": "embedded",
        "connection": {
          "connectionReferenceLogicalName": "ya_sharedcommondataserviceforapps_ceab7"
        },
        "api": {
          "name": "shared_commondataserviceforapps"
        }
      },
      "shared_webcontents": {
        "runtimeSource": "invoker",
        "connection": {
          "connectionReferenceLogicalName": "ya_sharedwebcontents_f5954"
        },
        "api": {
          "name": "shared_webcontents"
        }
      },
      "shared_office365": {
        "runtimeSource": "invoker",
        "connection": {
          "connectionReferenceLogicalName": "ya_sharedoffice365_19703"
        },
        "api": {
          "name": "shared_office365"
        }
      },
      "shared_office365users_1": {
        "runtimeSource": "invoker",
        "connection": {
          "connectionReferenceLogicalName": "ya_sharedoffice365users_30e97"
        },
        "api": {
          "name": "shared_office365users"
        }
      }
    },
    "definition": {
      "$schema": "https://schema.management.azure.com/providers/Microsoft.Logic/schemas/2016-06-01/workflowdefinition.json#",
      "contentVersion": "1.0.0.0",
      "parameters": {
        "$connections": {
          "defaultValue": {},
          "type": "Object"
        },
        "$authentication": {
          "defaultValue": {},
          "type": "SecureObject"
        }
      },
      "triggers": {
        "manual": {
          "metadata": {
            "operationMetadataId": "0bef5f87-97ba-4cc2-8fe9-a097466f0a49"
          },
          "type": "Request",
          "kind": "Button",
          "inputs": {
            "schema": {
              "type": "object",
              "properties": {
                "text": {
                  "title": "ID",
                  "type": "string",
                  "x-ms-dynamically-added": true,
                  "description": "IDを指定してください",
                  "x-ms-content-hint": "TEXT"
                }
              },
              "required": [
                "text"
              ]
            }
          }
        }
      },
      "actions": {
        "ID_で行を取得する": {
          "runAfter": {},
          "metadata": {
            "operationMetadataId": "1877b7c5-cce1-40f7-a9ca-121567210566"
          },
          "type": "OpenApiConnection",
          "inputs": {
            "host": {
              "connectionName": "shared_commondataserviceforapps",
              "operationId": "GetItem",
              "apiId": "/providers/Microsoft.PowerApps/apis/shared_commondataserviceforapps"
            },
            "parameters": {
              "entityName": "ya_ourfiles",
              "recordId": "@triggerBody()['text']"
            },
            "authentication": {
              "type": "Raw",
              "value": "@json(decodeBase64(triggerOutputs().headers['X-MS-APIM-Tokens']))['$ConnectionKey']"
            }
          }
        },
        "ファイルまたは画像をダウンロードする": {
          "runAfter": {
            "ID_で行を取得する": [
              "Succeeded"
            ]
          },
          "metadata": {
            "operationMetadataId": "710f3701-d866-4f60-a393-ce7a81a499c6"
          },
          "type": "OpenApiConnection",
          "inputs": {
            "host": {
              "connectionName": "shared_commondataserviceforapps",
              "operationId": "GetEntityFileImageFieldContent",
              "apiId": "/providers/Microsoft.PowerApps/apis/shared_commondataserviceforapps"
            },
            "parameters": {
              "entityName": "ya_ourfiles",
              "recordId": "@outputs('ID_で行を取得する')?['body/ya_ourfileid']",
              "fileImageFieldName": "ya_file"
            },
            "authentication": {
              "type": "Raw",
              "value": "@json(decodeBase64(triggerOutputs().headers['X-MS-APIM-Tokens']))['$ConnectionKey']"
            }
          }
        },
        "HTTP_要求を呼び出します": {
          "runAfter": {
            "変数Endpointを初期化する": [
              "Succeeded"
            ]
          },
          "metadata": {
            "operationMetadataId": "e5eb13cc-b873-4f52-9426-5dd8f08a5bbb"
          },
          "type": "OpenApiConnection",
          "inputs": {
            "host": {
              "connectionName": "shared_webcontents",
              "operationId": "InvokeHttp",
              "apiId": "/providers/Microsoft.PowerApps/apis/shared_webcontents"
            },
            "parameters": {
              "request/method": "GET",
              "request/url": "@variables('Endpoint')"
            },
            "authentication": {
              "type": "Raw",
              "value": "@json(decodeBase64(triggerOutputs().headers['X-MS-APIM-Tokens']))['$ConnectionKey']"
            }
          },
          "description": "https://orgb37ad5ca.crm7.dynamics.com"
        },
        "変数Endpointを初期化する": {
          "runAfter": {
            "Dataverseコネクタで取得できる情報": [
              "Succeeded"
            ]
          },
          "metadata": {
            "operationMetadataId": "c101a294-7cc1-418b-bdde-b714ecc4544d"
          },
          "type": "InitializeVariable",
          "inputs": {
            "variables": [
              {
                "name": "Endpoint",
                "type": "string",
                "value": "https://orgb37ad5ca.crm7.dynamics.com/api/data/v9.1/ya_ourfiles(@{outputs('ID_で行を取得する')?['body/ya_ourfileid']})/ya_file/$value"
              }
            ]
          }
        },
        "Dataverseコネクタで取得できる情報": {
          "actions": {
            "ContentType": {
              "runAfter": {},
              "metadata": {
                "operationMetadataId": "6d23ce6d-414e-43ec-abfe-e6e9b2e30246"
              },
              "type": "Compose",
              "inputs": "@body('ファイルまたは画像をダウンロードする')['$content-type']",
              "description": "body('ファイルまたは画像をダウンロードする')['$content-type']"
            },
            "Content": {
              "runAfter": {
                "File_name": [
                  "Succeeded"
                ]
              },
              "metadata": {
                "operationMetadataId": "aabb2317-e912-4582-aa3d-8b0a829ff75f"
              },
              "type": "Compose",
              "inputs": "@body('ファイルまたは画像をダウンロードする')['$content']",
              "description": "body('ファイルまたは画像をダウンロードする')['$content']"
            },
            "File_name": {
              "runAfter": {
                "ContentType": [
                  "Succeeded"
                ]
              },
              "metadata": {
                "operationMetadataId": "c117a02b-b320-46a1-b615-06d30c5cd27f"
              },
              "type": "Compose",
              "inputs": "@outputs('ID_で行を取得する')?['body/ya_file_name']",
              "description": "outputs('ID_で行を取得する')?['body/ya_file_name']"
            }
          },
          "runAfter": {
            "ファイルまたは画像をダウンロードする": [
              "Succeeded"
            ]
          },
          "metadata": {
            "operationMetadataId": "988fa403-a848-453d-b6bc-bfb04cfbf9a0"
          },
          "type": "Scope"
        },
        "Dataverse_APIを呼び出して取得できる情報": {
          "actions": {
            "Filename": {
              "runAfter": {},
              "metadata": {
                "operationMetadataId": "784270cc-27b8-4e07-970d-2a1e33d8e175"
              },
              "type": "Compose",
              "inputs": "@outputs('HTTP_要求を呼び出します')?['headers']?['x-ms-file-name']",
              "description": "outputs('HTTP_要求を呼び出します')?['headers']?['x-ms-file-name']"
            },
            "Filesize": {
              "runAfter": {
                "Filename": [
                  "Succeeded"
                ]
              },
              "metadata": {
                "operationMetadataId": "2a060f6e-777c-4dcc-8c25-74ad49eea9e1"
              },
              "type": "Compose",
              "inputs": "@outputs('HTTP_要求を呼び出します')?['headers']?['x-ms-file-size']",
              "description": "outputs('HTTP_要求を呼び出します')?['headers']?['x-ms-file-size']"
            },
            "Mimetype": {
              "runAfter": {
                "Filesize": [
                  "Succeeded"
                ]
              },
              "metadata": {
                "operationMetadataId": "2a060f6e-777c-4dcc-8c25-74ad49eea9e1"
              },
              "type": "Compose",
              "inputs": "@outputs('HTTP_要求を呼び出します')?['headers']?['mimetype']",
              "description": "outputs('HTTP_要求を呼び出します')?['headers']?['mimetype']"
            }
          },
          "runAfter": {
            "HTTP_要求を呼び出します": [
              "Succeeded"
            ]
          },
          "metadata": {
            "operationMetadataId": "ceb78ed7-5096-4a6f-a0ff-0abf1d3eb4d7"
          },
          "type": "Scope"
        },
        "条件": {
          "actions": {
            "メールの送信_(V2)": {
              "runAfter": {
                "ImageContent": [
                  "Succeeded"
                ]
              },
              "metadata": {
                "operationMetadataId": "67131138-de5e-42c8-9884-8932b98de82c"
              },
              "type": "OpenApiConnection",
              "inputs": {
                "host": {
                  "connectionName": "shared_office365",
                  "operationId": "SendEmailV2",
                  "apiId": "/providers/Microsoft.PowerApps/apis/shared_office365"
                },
                "parameters": {
                  "emailMessage/To": "@outputs('マイ_プロフィールの取得_(V2)')?['body/mail']",
                  "emailMessage/Subject": "Image",
                  "emailMessage/Body": "<p>@{outputs('ImageContent')}</p>",
                  "emailMessage/Attachments": [
                    {
                      "Name": "@outputs('File_name')",
                      "ContentBytes": "@body('ファイルまたは画像をダウンロードする')"
                    }
                  ],
                  "emailMessage/Importance": "Normal"
                },
                "authentication": {
                  "type": "Raw",
                  "value": "@json(decodeBase64(triggerOutputs().headers['X-MS-APIM-Tokens']))['$ConnectionKey']"
                }
              }
            },
            "ImageContent": {
              "runAfter": {},
              "metadata": {
                "operationMetadataId": "041106ab-bd9c-4d11-a427-bb549a9a7e82"
              },
              "type": "Compose",
              "inputs": "<img src=\"data:@{outputs('Mimetype')};base64,@{outputs('Content')}\">"
            }
          },
          "runAfter": {
            "マイ_プロフィールの取得_(V2)": [
              "Succeeded"
            ]
          },
          "else": {
            "actions": {
              "DecodedContent": {
                "runAfter": {},
                "metadata": {
                  "operationMetadataId": "5369418e-cea5-4d34-a963-8914bd4695e9"
                },
                "type": "Compose",
                "inputs": "@decodeBase64(body('ファイルまたは画像をダウンロードする')['$content'])",
                "description": "decodeBase64(body('ファイルまたは画像をダウンロードする')['$content'])"
              },
              "メールの送信_(V2)_2": {
                "runAfter": {
                  "DecodedContent": [
                    "Succeeded"
                  ]
                },
                "metadata": {
                  "operationMetadataId": "5d34d102-2660-409e-9ac5-37a5f6e658d3"
                },
                "type": "OpenApiConnection",
                "inputs": {
                  "host": {
                    "connectionName": "shared_office365",
                    "operationId": "SendEmailV2",
                    "apiId": "/providers/Microsoft.PowerApps/apis/shared_office365"
                  },
                  "parameters": {
                    "emailMessage/To": "@outputs('マイ_プロフィールの取得_(V2)')?['body/mail']",
                    "emailMessage/Subject": "Image",
                    "emailMessage/Body": "<p>@{outputs('DecodedContent')}</p>",
                    "emailMessage/Attachments": [
                      {
                        "Name": "@outputs('File_name')",
                        "ContentBytes": "@body('ファイルまたは画像をダウンロードする')"
                      }
                    ],
                    "emailMessage/Importance": "Normal"
                  },
                  "authentication": {
                    "type": "Raw",
                    "value": "@json(decodeBase64(triggerOutputs().headers['X-MS-APIM-Tokens']))['$ConnectionKey']"
                  }
                }
              }
            }
          },
          "expression": {
            "startsWith": [
              "@outputs('Mimetype')",
              "image/"
            ]
          },
          "metadata": {
            "operationMetadataId": "bc52c987-d2ad-4e54-b178-7fd1f451ee9b"
          },
          "type": "If"
        },
        "マイ_プロフィールの取得_(V2)": {
          "runAfter": {
            "Dataverse_APIを呼び出して取得できる情報": [
              "Succeeded"
            ]
          },
          "metadata": {
            "operationMetadataId": "2ec34b6b-c708-4d71-840b-34041b8f5cab"
          },
          "type": "OpenApiConnection",
          "inputs": {
            "host": {
              "connectionName": "shared_office365users_1",
              "operationId": "MyProfile_V2",
              "apiId": "/providers/Microsoft.PowerApps/apis/shared_office365users"
            },
            "parameters": {},
            "authentication": {
              "type": "Raw",
              "value": "@json(decodeBase64(triggerOutputs().headers['X-MS-APIM-Tokens']))['$ConnectionKey']"
            }
          }
        }
      }
    },
    "templateName": ""
  },
  "schemaVersion": "1.0.0.0"
}