{
  "properties": {
    "connectionReferences": {
      "shared_commondataserviceforapps": {
        "runtimeSource": "embedded",
        "connection": {
          "connectionReferenceLogicalName": "ya_sharedcommondataserviceforapps_ceab7"
        },
        "api": {
          "name": "shared_commondataserviceforapps"
        }
      },
      "shared_webcontents": {
        "runtimeSource": "invoker",
        "connection": {
          "connectionReferenceLogicalName": "ya_sharedwebcontents_f5954"
        },
        "api": {
          "name": "shared_webcontents"
        }
      }
    },
    "definition": {
      "$schema": "https://schema.management.azure.com/providers/Microsoft.Logic/schemas/2016-06-01/workflowdefinition.json#",
      "contentVersion": "1.0.0.0",
      "parameters": {
        "$connections": {
          "defaultValue": {},
          "type": "Object"
        },
        "$authentication": {
          "defaultValue": {},
          "type": "SecureObject"
        }
      },
      "triggers": {
        "manual": {
          "metadata": {
            "operationMetadataId": "0bef5f87-97ba-4cc2-8fe9-a097466f0a49"
          },
          "type": "Request",
          "kind": "Button",
          "inputs": {
            "schema": {
              "type": "object",
              "properties": {
                "text": {
                  "title": "ID",
                  "type": "string",
                  "x-ms-dynamically-added": true,
                  "description": "IDを指定してください",
                  "x-ms-content-hint": "TEXT"
                }
              },
              "required": [
                "text"
              ]
            }
          }
        }
      },
      "actions": {
        "ID_で行を取得する": {
          "runAfter": {},
          "metadata": {
            "operationMetadataId": "1877b7c5-cce1-40f7-a9ca-121567210566"
          },
          "type": "OpenApiConnection",
          "inputs": {
            "host": {
              "connectionName": "shared_commondataserviceforapps",
              "operationId": "GetItem",
              "apiId": "/providers/Microsoft.PowerApps/apis/shared_commondataserviceforapps"
            },
            "parameters": {
              "entityName": "ya_ourphotos",
              "recordId": "@triggerBody()['text']"
            },
            "authentication": {
              "type": "Raw",
              "value": "@json(decodeBase64(triggerOutputs().headers['X-MS-APIM-Tokens']))['$ConnectionKey']"
            }
          }
        },
        "ファイルまたは画像をダウンロードする": {
          "runAfter": {
            "ID_で行を取得する": [
              "Succeeded"
            ]
          },
          "metadata": {
            "operationMetadataId": "710f3701-d866-4f60-a393-ce7a81a499c6"
          },
          "type": "OpenApiConnection",
          "inputs": {
            "host": {
              "connectionName": "shared_commondataserviceforapps",
              "operationId": "GetEntityFileImageFieldContent",
              "apiId": "/providers/Microsoft.PowerApps/apis/shared_commondataserviceforapps"
            },
            "parameters": {
              "entityName": "ya_ourphotos",
              "recordId": "@outputs('ID_で行を取得する')?['body/ya_ourphotoid']",
              "fileImageFieldName": "ya_photo"
            },
            "authentication": {
              "type": "Raw",
              "value": "@json(decodeBase64(triggerOutputs().headers['X-MS-APIM-Tokens']))['$ConnectionKey']"
            }
          }
        },
        "HTTP_要求を呼び出します": {
          "runAfter": {
            "変数Endpointを初期化する": [
              "Succeeded"
            ]
          },
          "metadata": {
            "operationMetadataId": "e5eb13cc-b873-4f52-9426-5dd8f08a5bbb"
          },
          "type": "OpenApiConnection",
          "inputs": {
            "host": {
              "connectionName": "shared_webcontents",
              "operationId": "InvokeHttp",
              "apiId": "/providers/Microsoft.PowerApps/apis/shared_webcontents"
            },
            "parameters": {
              "request/method": "GET",
              "request/url": "@variables('Endpoint')"
            },
            "authentication": {
              "type": "Raw",
              "value": "@json(decodeBase64(triggerOutputs().headers['X-MS-APIM-Tokens']))['$ConnectionKey']"
            }
          },
          "description": "https://orgb37ad5ca.crm7.dynamics.com"
        },
        "変数Endpointを初期化する": {
          "runAfter": {
            "Dataverseコネクタで取得できる情報": [
              "Succeeded"
            ]
          },
          "metadata": {
            "operationMetadataId": "c101a294-7cc1-418b-bdde-b714ecc4544d"
          },
          "type": "InitializeVariable",
          "inputs": {
            "variables": [
              {
                "name": "Endpoint",
                "type": "string",
                "value": "https://orgb37ad5ca.crm7.dynamics.com/api/data/v9.1/ya_ourphotos(@{outputs('ID_で行を取得する')?['body/ya_ourphotoid']})/ya_photo/$value?size=full"
              }
            ]
          }
        },
        "Dataverseコネクタで取得できる情報": {
          "actions": {
            "ContentType": {
              "runAfter": {},
              "metadata": {
                "operationMetadataId": "6d23ce6d-414e-43ec-abfe-e6e9b2e30246"
              },
              "type": "Compose",
              "inputs": "@body('ファイルまたは画像をダウンロードする')['$content-type']",
              "description": "body('ファイルまたは画像をダウンロードする')['$content-type']"
            },
            "Content": {
              "runAfter": {
                "ContentType": [
                  "Succeeded"
                ]
              },
              "metadata": {
                "operationMetadataId": "aabb2317-e912-4582-aa3d-8b0a829ff75f"
              },
              "type": "Compose",
              "inputs": "@body('ファイルまたは画像をダウンロードする')['$content']",
              "description": "body('ファイルまたは画像をダウンロードする')['$content']"
            }
          },
          "runAfter": {
            "ファイルまたは画像をダウンロードする": [
              "Succeeded"
            ]
          },
          "metadata": {
            "operationMetadataId": "988fa403-a848-453d-b6bc-bfb04cfbf9a0"
          },
          "type": "Scope"
        },
        "Dataverse_APIを呼び出して取得できる情報": {
          "actions": {
            "Filename": {
              "runAfter": {},
              "metadata": {
                "operationMetadataId": "784270cc-27b8-4e07-970d-2a1e33d8e175"
              },
              "type": "Compose",
              "inputs": "@outputs('HTTP_要求を呼び出します')?['headers']?['x-ms-file-name']",
              "description": "outputs('HTTP_要求を呼び出します')?['headers']?['x-ms-file-name']"
            },
            "Filesize": {
              "runAfter": {
                "Filename": [
                  "Succeeded"
                ]
              },
              "metadata": {
                "operationMetadataId": "2a060f6e-777c-4dcc-8c25-74ad49eea9e1"
              },
              "type": "Compose",
              "inputs": "@outputs('HTTP_要求を呼び出します')?['headers']?['x-ms-file-size']",
              "description": "outputs('HTTP_要求を呼び出します')?['headers']?['x-ms-file-size']"
            }
          },
          "runAfter": {
            "HTTP_要求を呼び出します": [
              "Succeeded"
            ]
          },
          "metadata": {
            "operationMetadataId": "ceb78ed7-5096-4a6f-a0ff-0abf1d3eb4d7"
          },
          "type": "Scope"
        }
      }
    },
    "templateName": ""
  },
  "schemaVersion": "1.0.0.0"
}